{"stats":{"minecraft:crafted":{"minecraft:spruce_planks":20},"minecraft:picked_up":{"minecraft:spruce_log":5,"minecraft:dirt":1},"minecraft:mined":{"minecraft:grass_block":1,"minecraft:spruce_leaves":12,"minecraft:spruce_log":5},"minecraft:custom":{"minecraft:jump":30,"minecraft:time_since_rest":6498,"minecraft:leave_game":1,"minecraft:damage_taken":20,"minecraft:crouch_one_cm":8,"minecraft:sprint_one_cm":5515,"minecraft:play_time":6498,"minecraft:time_since_death":6498,"minecraft:walk_one_cm":2490,"minecraft:sneak_time":64,"minecraft:total_world_time":6498,"minecraft:fall_one_cm":1378,"minecraft:fly_one_cm":5346}},"DataVersion":3465}