{"stats":{"minecraft:crafted":{"minecraft:spruce_planks":20},"minecraft:picked_up":{"minecraft:spruce_log":5},"minecraft:mined":{"minecraft:spruce_leaves":12,"minecraft:spruce_log":5},"minecraft:custom":{"minecraft:jump":24,"minecraft:time_since_rest":6000,"minecraft:crouch_one_cm":8,"minecraft:sprint_one_cm":4709,"minecraft:play_time":6000,"minecraft:time_since_death":6000,"minecraft:walk_one_cm":1735,"minecraft:sneak_time":7,"minecraft:total_world_time":6000,"minecraft:fall_one_cm":894,"minecraft:fly_one_cm":4960}},"DataVersion":3465}